{
  "count": 1,
  "value": [
    {
      "id": 170,
      "rev": 2,
      "fields": {
        "system.AreaPath": "BaseTerraE2E",
        "system.TeamProject": "BaseTerraE2E",
        "system.IterationPath": "BaseTerraE2E",
        "system.WorkItemType": "Epic",
        "system.State": "New",
        "system.Reason": "New",
        "system.CreatedDate": "2020-04-15T19:52:41.38Z",
        "system.CreatedBy": "Albert Salman <Albert.Salman.GDC@FJSTUDISGCS.onmicrosoft.com>",
        "system.ChangedDate": "2020-04-15T20:09:22.93Z",
        "system.ChangedBy": "Albert Salman <Albert.Salman.GDC@FJSTUDISGCS.onmicrosoft.com>",
        "system.Title": "Hub network in Azure with terminal server",
        "microsoft.VSTS.Scheduling.Effort": 0.0,
        "microsoft.VSTS.Scheduling.RemainingWork": 0.0,
        "microsoft.VSTS.Common.Priority": 2.0
      },
      "relations": [
        {
          "rel": "System.LinkTypes.Hierarchy-Forward",
          "url": "https://dev.azure.com/AlbertSalmanGDC/_apis/wit/workItems/171",
          "attributes": {
            "isLocked": "false",
            "name": "Child"
          }
        },
        {
          "rel": "System.LinkTypes.Hierarchy-Forward",
          "url": "https://dev.azure.com/AlbertSalmanGDC/_apis/wit/workItems/172",
          "attributes": {
            "isLocked": "false",
            "name": "Child"
          }
        },
        {
          "rel": "System.LinkTypes.Hierarchy-Forward",
          "url": "https://dev.azure.com/AlbertSalmanGDC/_apis/wit/workItems/173",
          "attributes": {
            "isLocked": "false",
            "name": "Child"
          }
        },
        {
          "rel": "System.LinkTypes.Hierarchy-Forward",
          "url": "https://dev.azure.com/AlbertSalmanGDC/_apis/wit/workItems/174",
          "attributes": {
            "isLocked": "false",
            "name": "Child"
          }
        }
      ],
      "url": "https://dev.azure.com/AlbertSalmanGDC/_apis/wit/workItems/170"
    }
  ],
  "httpStatusCode": 0
}