{
  "count": 4,
  "value": [
    {
      "id": 174,
      "rev": 3,
      "fields": {
        "system.AreaPath": "BaseTerraE2E",
        "system.TeamProject": "BaseTerraE2E",
        "system.IterationPath": "BaseTerraE2E",
        "system.WorkItemType": "Feature",
        "system.State": "New",
        "system.Reason": "New",
        "system.CreatedDate": "2020-04-15T19:58:25.477Z",
        "system.CreatedBy": "Albert Salman <Albert.Salman.GDC@FJSTUDISGCS.onmicrosoft.com>",
        "system.ChangedDate": "2020-04-16T09:08:41.937Z",
        "system.ChangedBy": "Albert Salman <Albert.Salman.GDC@FJSTUDISGCS.onmicrosoft.com>",
        "system.Title": "Azure credentials must not be within the code",
        "microsoft.VSTS.Scheduling.Effort": 0.0,
        "system.Description": "<div><div style=\"color:#d4d4d4;background-color:#1e1e1e;font-family:Consolas, 'Courier New', monospace;font-weight:normal;\"><br></div><br></div>",
        "microsoft.VSTS.Scheduling.RemainingWork": 0.0,
        "microsoft.VSTS.Common.Priority": 2.0
      },
      "relations": [
        {
          "rel": "System.LinkTypes.Hierarchy-Forward",
          "url": "https://dev.azure.com/AlbertSalmanGDC/_apis/wit/workItems/203",
          "attributes": {
            "isLocked": "false",
            "name": "Child"
          }
        },
        {
          "rel": "System.LinkTypes.Hierarchy-Reverse",
          "url": "https://dev.azure.com/AlbertSalmanGDC/_apis/wit/workItems/170",
          "attributes": {
            "isLocked": "false",
            "name": "Parent"
          }
        }
      ],
      "url": "https://dev.azure.com/AlbertSalmanGDC/_apis/wit/workItems/174"
    },
    {
      "id": 173,
      "rev": 3,
      "fields": {
        "system.AreaPath": "BaseTerraE2E",
        "system.TeamProject": "BaseTerraE2E",
        "system.IterationPath": "BaseTerraE2E",
        "system.WorkItemType": "Feature",
        "system.State": "New",
        "system.Reason": "New",
        "system.CreatedDate": "2020-04-15T19:57:53.79Z",
        "system.CreatedBy": "Albert Salman <Albert.Salman.GDC@FJSTUDISGCS.onmicrosoft.com>",
        "system.ChangedDate": "2020-04-16T09:07:53.553Z",
        "system.ChangedBy": "Albert Salman <Albert.Salman.GDC@FJSTUDISGCS.onmicrosoft.com>",
        "system.Title": "Azure resources follow naming convention",
        "microsoft.VSTS.Scheduling.Effort": 0.0,
        "system.Description": "<div><div style=\"color:#d4d4d4;background-color:#1e1e1e;font-family:Consolas, 'Courier New', monospace;font-weight:normal;\"><br></div><br></div>",
        "microsoft.VSTS.Scheduling.RemainingWork": 0.0,
        "microsoft.VSTS.Common.Priority": 2.0
      },
      "relations": [
        {
          "rel": "System.LinkTypes.Hierarchy-Forward",
          "url": "https://dev.azure.com/AlbertSalmanGDC/_apis/wit/workItems/202",
          "attributes": {
            "isLocked": "false",
            "name": "Child"
          }
        },
        {
          "rel": "System.LinkTypes.Hierarchy-Reverse",
          "url": "https://dev.azure.com/AlbertSalmanGDC/_apis/wit/workItems/170",
          "attributes": {
            "isLocked": "false",
            "name": "Parent"
          }
        }
      ],
      "url": "https://dev.azure.com/AlbertSalmanGDC/_apis/wit/workItems/173"
    },
    {
      "id": 172,
      "rev": 3,
      "fields": {
        "system.AreaPath": "BaseTerraE2E",
        "system.TeamProject": "BaseTerraE2E",
        "system.IterationPath": "BaseTerraE2E",
        "system.WorkItemType": "Feature",
        "system.State": "New",
        "system.Reason": "New",
        "system.CreatedDate": "2020-04-15T19:57:18.687Z",
        "system.CreatedBy": "Albert Salman <Albert.Salman.GDC@FJSTUDISGCS.onmicrosoft.com>",
        "system.ChangedDate": "2020-04-16T09:06:43.62Z",
        "system.ChangedBy": "Albert Salman <Albert.Salman.GDC@FJSTUDISGCS.onmicrosoft.com>",
        "system.Title": "Azure resources have tags",
        "microsoft.VSTS.Scheduling.Effort": 0.0,
        "system.Description": "<div><div style=\"color:#d4d4d4;background-color:#1e1e1e;font-family:Consolas, 'Courier New', monospace;font-weight:normal;\"><br></div><br></div>",
        "microsoft.VSTS.Scheduling.RemainingWork": 0.0,
        "microsoft.VSTS.Common.Priority": 2.0
      },
      "relations": [
        {
          "rel": "System.LinkTypes.Hierarchy-Reverse",
          "url": "https://dev.azure.com/AlbertSalmanGDC/_apis/wit/workItems/170",
          "attributes": {
            "isLocked": "false",
            "name": "Parent"
          }
        },
        {
          "rel": "System.LinkTypes.Hierarchy-Forward",
          "url": "https://dev.azure.com/AlbertSalmanGDC/_apis/wit/workItems/201",
          "attributes": {
            "isLocked": "false",
            "name": "Child"
          }
        }
      ],
      "url": "https://dev.azure.com/AlbertSalmanGDC/_apis/wit/workItems/172"
    },
    {
      "id": 171,
      "rev": 3,
      "fields": {
        "system.AreaPath": "BaseTerraE2E",
        "system.TeamProject": "BaseTerraE2E",
        "system.IterationPath": "BaseTerraE2E",
        "system.WorkItemType": "Feature",
        "system.State": "New",
        "system.Reason": "New",
        "system.CreatedDate": "2020-04-15T19:56:11.137Z",
        "system.CreatedBy": "Albert Salman <Albert.Salman.GDC@FJSTUDISGCS.onmicrosoft.com>",
        "system.ChangedDate": "2020-04-16T09:05:46.573Z",
        "system.ChangedBy": "Albert Salman <Albert.Salman.GDC@FJSTUDISGCS.onmicrosoft.com>",
        "system.Title": "Build Azure infra as code",
        "microsoft.VSTS.Scheduling.Effort": 0.0,
        "system.Description": "<div><div style=\"color:#d4d4d4;background-color:#1e1e1e;font-family:Consolas, 'Courier New', monospace;font-weight:normal;\"><br></div><br></div>",
        "microsoft.VSTS.Scheduling.RemainingWork": 0.0,
        "microsoft.VSTS.Common.Priority": 2.0
      },
      "relations": [
        {
          "rel": "System.LinkTypes.Hierarchy-Reverse",
          "url": "https://dev.azure.com/AlbertSalmanGDC/_apis/wit/workItems/170",
          "attributes": {
            "isLocked": "false",
            "name": "Parent"
          }
        },
        {
          "rel": "System.LinkTypes.Hierarchy-Forward",
          "url": "https://dev.azure.com/AlbertSalmanGDC/_apis/wit/workItems/200",
          "attributes": {
            "isLocked": "false",
            "name": "Child"
          }
        }
      ],
      "url": "https://dev.azure.com/AlbertSalmanGDC/_apis/wit/workItems/171"
    }
  ],
  "httpStatusCode": 0
}