{
  "count": 4,
  "value": [
    {
      "id": 203,
      "rev": 1,
      "fields": {
        "system.AreaPath": "BaseTerraE2E",
        "system.TeamProject": "BaseTerraE2E",
        "system.IterationPath": "BaseTerraE2E",
        "system.WorkItemType": "User Story",
        "system.State": "New",
        "system.Reason": "New",
        "system.CreatedDate": "2020-04-16T09:09:11.293Z",
        "system.CreatedBy": "Albert Salman <Albert.Salman.GDC@FJSTUDISGCS.onmicrosoft.com>",
        "system.ChangedDate": "2020-04-16T09:09:11.293Z",
        "system.ChangedBy": "Albert Salman <Albert.Salman.GDC@FJSTUDISGCS.onmicrosoft.com>",
        "system.Title": "As a security architect I want to eliminate hardcoded credentials in terraform templates In order to increase IaC security",
        "microsoft.VSTS.Scheduling.Effort": 0.0,
        "microsoft.VSTS.Scheduling.RemainingWork": 0.0,
        "microsoft.VSTS.Common.Priority": 2.0
      },
      "relations": [
        {
          "rel": "System.LinkTypes.Hierarchy-Reverse",
          "url": "https://dev.azure.com/AlbertSalmanGDC/_apis/wit/workItems/174",
          "attributes": {
            "isLocked": "false",
            "name": "Parent"
          }
        }
      ],
      "url": "https://dev.azure.com/AlbertSalmanGDC/_apis/wit/workItems/203"
    },
    {
      "id": 202,
      "rev": 1,
      "fields": {
        "system.AreaPath": "BaseTerraE2E",
        "system.TeamProject": "BaseTerraE2E",
        "system.IterationPath": "BaseTerraE2E",
        "system.WorkItemType": "User Story",
        "system.State": "New",
        "system.Reason": "New",
        "system.CreatedDate": "2020-04-16T09:08:26.18Z",
        "system.CreatedBy": "Albert Salman <Albert.Salman.GDC@FJSTUDISGCS.onmicrosoft.com>",
        "system.ChangedDate": "2020-04-16T09:08:26.18Z",
        "system.ChangedBy": "Albert Salman <Albert.Salman.GDC@FJSTUDISGCS.onmicrosoft.com>",
        "system.Title": "As a cloud architect I want to ensure Azure resources follow naming convention In order to standardize naming in cloud environments",
        "microsoft.VSTS.Scheduling.Effort": 0.0,
        "microsoft.VSTS.Scheduling.RemainingWork": 0.0,
        "microsoft.VSTS.Common.Priority": 2.0
      },
      "relations": [
        {
          "rel": "System.LinkTypes.Hierarchy-Reverse",
          "url": "https://dev.azure.com/AlbertSalmanGDC/_apis/wit/workItems/173",
          "attributes": {
            "isLocked": "false",
            "name": "Parent"
          }
        }
      ],
      "url": "https://dev.azure.com/AlbertSalmanGDC/_apis/wit/workItems/202"
    },
    {
      "id": 201,
      "rev": 1,
      "fields": {
        "system.AreaPath": "BaseTerraE2E",
        "system.TeamProject": "BaseTerraE2E",
        "system.IterationPath": "BaseTerraE2E",
        "system.WorkItemType": "User Story",
        "system.State": "New",
        "system.Reason": "New",
        "system.CreatedDate": "2020-04-16T09:07:41.963Z",
        "system.CreatedBy": "Albert Salman <Albert.Salman.GDC@FJSTUDISGCS.onmicrosoft.com>",
        "system.ChangedDate": "2020-04-16T09:07:41.963Z",
        "system.ChangedBy": "Albert Salman <Albert.Salman.GDC@FJSTUDISGCS.onmicrosoft.com>",
        "system.Title": "As a cloud architect I want to ensure Azure resources have tags In order to ensure metadata-based management automation",
        "microsoft.VSTS.Scheduling.Effort": 0.0,
        "microsoft.VSTS.Scheduling.RemainingWork": 0.0,
        "microsoft.VSTS.Common.Priority": 2.0
      },
      "relations": [
        {
          "rel": "System.LinkTypes.Hierarchy-Reverse",
          "url": "https://dev.azure.com/AlbertSalmanGDC/_apis/wit/workItems/172",
          "attributes": {
            "isLocked": "false",
            "name": "Parent"
          }
        }
      ],
      "url": "https://dev.azure.com/AlbertSalmanGDC/_apis/wit/workItems/201"
    },
    {
      "id": 200,
      "rev": 1,
      "fields": {
        "system.AreaPath": "BaseTerraE2E",
        "system.TeamProject": "BaseTerraE2E",
        "system.IterationPath": "BaseTerraE2E",
        "system.WorkItemType": "User Story",
        "system.State": "New",
        "system.Reason": "New",
        "system.CreatedDate": "2020-04-16T09:06:20.31Z",
        "system.CreatedBy": "Albert Salman <Albert.Salman.GDC@FJSTUDISGCS.onmicrosoft.com>",
        "system.ChangedDate": "2020-04-16T09:06:20.31Z",
        "system.ChangedBy": "Albert Salman <Albert.Salman.GDC@FJSTUDISGCS.onmicrosoft.com>",
        "system.Title": "As a cloud architect I want terraform to be used as IaC tool In order to ensure testability and repeatability of cloud infrastructure",
        "microsoft.VSTS.Scheduling.Effort": 0.0,
        "microsoft.VSTS.Scheduling.RemainingWork": 0.0,
        "microsoft.VSTS.Common.Priority": 2.0
      },
      "relations": [
        {
          "rel": "System.LinkTypes.Hierarchy-Reverse",
          "url": "https://dev.azure.com/AlbertSalmanGDC/_apis/wit/workItems/171",
          "attributes": {
            "isLocked": "false",
            "name": "Parent"
          }
        }
      ],
      "url": "https://dev.azure.com/AlbertSalmanGDC/_apis/wit/workItems/200"
    }
  ],
  "httpStatusCode": 0
}