{
  "extensions": [
    {
      "extensionName": "ARM Outputs",
      "link": "<a href='https://marketplace.visualstudio.com/items?itemName=keesschollaart.arm-outputs' target='_blank'><b>ARM Outputs</b></a>",
      "publisherId": "keesschollaart",
      "extensionId": "arm-outputs",
      "publisherName": "Kees Schollaart",
      "license": "<a href='https://marketplace.visualstudio.com/items?itemName=keesschollaart.arm-outputs' target='_blank'>License Terms</a>"
    },
    {
      "extensionName": "Terraform",
      "link": "<a href='https://marketplace.visualstudio.com/items?itemName=ms-devlabs.custom-terraform-tasks' target='_blank'><b>Terraform</b></a>",
      "publisherId": "ms-devlabs",
      "extensionId": "custom-terraform-tasks",
      "publisherName": "Microsoft DevLabs",
      "license": "<a href='https://marketplace.visualstudio.com/items?itemName=ms-devlabs.custom-terraform-tasks' target='_blank'>License Terms</a>"
    },
    {
      "extensionName": "Ansible",
      "link": "<a href='https://marketplace.visualstudio.com/items?itemName=ms-vscs-rm.vss-services-ansible' target='_blank'><b>Ansible</b></a>",
      "publisherId": "ms-vscs-rm",
      "extensionId": "vss-services-ansible",
      "publisherName": "Microsoft",
      "license": "<a href='https://marketplace.visualstudio.com/items?itemName=ms-vscs-rm.vss-services-ansible' target='_blank'>License Terms</a>"
    },
    {
      "extensionName": "Replace Tokens",
      "link": "<a href='https://marketplace.visualstudio.com/items?itemName=qetza.replacetokens' target='_blank'><b>Replace Tokens</b></a>",
      "publisherId": "qetza",
      "extensionId": "replacetokens",
      "publisherName": "Guillaume Rouchon",
      "license": "<a href='https://marketplace.visualstudio.com/items?itemName=qetza.replacetokens' target='_blank'>License Terms</a>"
    },
    {
      "extensionName": "Developer ServiceNow CHG Release Gate",
      "link": "<a href='https://marketplace.visualstudio.com/items?itemName=thitool.vss-services-poormanservicenowchg' target='_blank'><b>Developer ServiceNow CHG Release Gate</b></a>",
      "publisherId": "thitool",
      "extensionId": "vss-services-poormanservicenowchg",
      "publisherName": "Albert Salman",
      "license": "<a href='https://marketplace.visualstudio.com/items?itemName=thitool.vss-services-poormanservicenowchg' target='_blank'>License Terms</a>"
    }
  ]
}