{
  "triggers": [
    {
      "branchFilters": [],
      "pathFilters": [],
      "settingsSourceType": 2,
      "batchChanges": false,
      "maxConcurrentBuildsPerBranch": 1,
      "triggerType": "continuousIntegration"
    },
    {
      "settingsSourceType": 2,
      "branchFilters": [
        "+master"
      ],
      "forks": {
        "enabled": true,
        "allowSecrets": false
      },
      "pathFilters": [],
      "requireCommentsForNonTeamMembersOnly": false,
      "isCommentRequiredForPullRequest": false,
      "triggerType": "pullRequest"
    }
  ],
  "properties": {},
  "tags": [],
  "_links": "{}",
  "jobAuthorizationScope": "projectCollection",
  "jobTimeoutInMinutes": 60,
  "jobCancelTimeoutInMinutes": 5,
  "process": {
    "yamlFilename": "azure-pipelines.yml",
    "type": 2
  },
  "repository": {
    "properties": {
      "apiUrl": "https://api.github.com/repos/$username$/baseterrae2e",
      "branchesUrl": "https://api.github.com/repos/$username$/baseterrae2e/branches",
      "cloneUrl": "https://github.com/$username$/baseterrae2e.git",
      "connectedServiceId": "$GitHub_5386fc03$",
      "defaultBranch": "master",
      "fullName": "repository",
      "hasAdminPermissions": "False",
      "isFork": "False",
      "isPrivate": "False",
      "lastUpdated": "2020-04-16T19:37:08Z",
      "manageUrl": "https://github.com/$username$/baseterrae2e",
      "nodeId": "MDEwOlJlcG9zaXRvcnkyNTUzOTYxNjA=",
      "ownerId": "61687538",
      "orgName": "albert-salman",
      "refsUrl": "https://api.github.com/repos/albert-salman/baseterrae2e/git/refs",
      "safeRepository": "albert-salman/baseterrae2e",
      "shortName": "baseterrae2e",
      "ownerAvatarUrl": "https://avatars2.githubusercontent.com/u/61687538?v=4",
      "archived": "False",
      "externalId": "255396160",
      "ownerIsAUser": "True",
      "reportBuildStatus": "true"
    },
    "id": "$username$/baseterrae2e",
    "type": "GitHub",
    "name": "$username$/baseterrae2e",
    "url": "https://github.com/$username$/baseterrae2e.git",
    "defaultBranch": "master",
    "clean": null,
    "checkoutSubmodules": false
  },
  "quality": "definition",
  "authoredBy": "{}",
  "drafts": [],
  "queue": {
    "_links": {
      "self": {
        "href": "https://dev.azure.com/AlbertSalmanGDC/_apis/build/Queues/62"
      }
    },
    "id": 62,
    "name": "Hosted Ubuntu 1604",
    "url": "https://dev.azure.com/AlbertSalmanGDC/_apis/build/Queues/62",
    "pool": {
      "id": "",
      "name": "Hosted Ubuntu 1604",
      "isHosted": true
    }
  },
  "id": "",
  "name": "albert-salman.baseterrae2e",
  "url": "",
  "uri": "",
  "path": "\\",
  "type": "build",
  "queueStatus": "enabled",
  "revision": 1,
  "createdDate": "",
  "project": "{}"
}