{
  "data": {
    "environment": "AzureCloud",
    "subscriptionId": "cf30e61c-c01c-4980-ae4c-d7f6660eefc1",
    "subscriptionName": "HIT Technical Reference Architecture",
    "scopeLevel": "Subscription"
  },
  "name": "AzureRM",
  "type": "azurerm",
  "url": "https://management.azure.com/",
  "authorization": {
    "parameters": {
      "tenantId": "2af4eb7f-27d7-4f55-a5ea-9520fba5d756",
      "servicePrincipalId": "84296816-9722-4b24-8a3f-a8a8d3e7cce4",
      "authenticationType": "spnKey",
      "servicePrincipalKey": "spnKey"
    },
    "scheme": "ServicePrincipal"
  },
  "isShared": false,
  "isReady": true,
  "owner": "Library"
}