{
  "options": [
    {
      "enabled": true,
      "definition": {
        "id": "5d58cc01-7c75-450c-be18-a388ddb129ec"
      },
      "inputs": {
        "branchFilters": "[\"+refs/heads/*\"]",
        "additionalFields": "{}"
      }
    },
    {
      "enabled": false,
      "definition": {
        "id": "a9db38f9-9fdc-478c-b0f9-464221e58316"
      },
      "inputs": {
        "workItemType": "824699",
        "assignToRequestor": "true",
        "additionalFields": "{}"
      }
    }
  ],
  "triggers": [
    {
      "branchFilters": [
        "+master"
      ],
      "pathFilters": [],
      "batchChanges": false,
      "maxConcurrentBuildsPerBranch": 1,
      "pollingInterval": 180,
      "pollingJobId": "d8964fe2-b8e2-4c05-aecc-bf70c94c83f6",
      "triggerType": "continuousIntegration"
    }
  ],
  "variables": {
    "azfwipconfigname": {
      "value": "IP-WE-AzFwIPConfig"
    },
    "azfwname": {
      "value": "FW-WE-AzFw01"
    },
    "azfwpipname": {
      "value": "PI-WE-AzFwPIP"
    },
    "bastionname": {
      "value": "BN-WE-Bastion"
    },
    "bastionpublicipname": {
      "value": "PI-WE-BastionPIP"
    },
    "BuildConfiguration": {
      "value": "Release",
      "allowOverride": true
    },
    "BuildPlatform": {
      "value": "any cpu",
      "allowOverride": true
    },
    "osdiskstoragetier": {
      "value": "Standard_LRS"
    },
    "resourcegroupname": {
      "value": "RG-WE-Common-Network"
    },
    "resourcelocation": {
      "value": "West Europe"
    },
    "storagekey": {
      "value": "runtime"
    },
    "system.debug": {
      "value": "false",
      "allowOverride": true
    },
    "tagapplication": {
      "value": "demoapp"
    },
    "tagenvironment": {
      "value": "DEV"
    },
    "terraformcontainername": {
      "value": "terraform"
    },
    "terraformstorageaccount": {
      "value": "terraformstorageforcipl"
    },
    "terraformstoragerg": {
      "value": "RG-WE-TerraformStateStore"
    },
    "udrname": {
      "value": "UR-WE-Default"
    },
    "vmadminusername": {
      "value": "adminuser"
    },
    "vmadminuserpassword": {
      "value": "!QAZ2wsx"
    },
    "vmname": {
      "value": "VMWEHUB01"
    },
    "vmsize": {
      "value": "Standard_DS1_v2"
    },
    "vmsubnetname": {
      "value": "SN-WE-HUB-Internal"
    },
    "vnetname": {
      "value": "VN-WE-HubVNET"
    }
  },
  "properties": {},
  "tags": [],
  "_links": "{}",
  "buildNumberFormat": "$(date:yyyyMMdd)$(rev:.r)",
  "jobAuthorizationScope": "projectCollection",
  "jobTimeoutInMinutes": 60,
  "jobCancelTimeoutInMinutes": 5,
  "process": {
    "phases": [
      {
        "steps": [
          {
            "environment": {},
            "enabled": true,
            "continueOnError": false,
            "alwaysRun": false,
            "displayName": "Copy Terraform files to artifacts",
            "timeoutInMinutes": 0,
            "condition": "succeeded()",
            "task": {
              "id": "5bfb729a-a7c8-4a78-a7c3-8d717bb7c13c",
              "versionSpec": "2.*",
              "definitionType": "task"
            },
            "inputs": {
              "SourceFolder": "",
              "Contents": "*.tf",
              "TargetFolder": "$(build.artifactstagingdirectory)/Terraform",
              "CleanTargetFolder": "false",
              "OverWrite": "false",
              "flattenFolders": "false",
              "preserveTimestamp": "false"
            }
          },
          {
            "environment": {},
            "enabled": true,
            "continueOnError": false,
            "alwaysRun": false,
            "displayName": "Create storage acc for Terraform state and get its key",
            "timeoutInMinutes": 0,
            "condition": "succeeded()",
            "task": {
              "id": "46e4be58-730b-4389-8a2f-ea10b3e5e815",
              "versionSpec": "1.*",
              "definitionType": "task"
            },
            "inputs": {
              "connectedServiceNameARM": "",
              "scriptLocation": "inlineScript",
              "scriptPath": "",
              "inlineScript": "az group create --location \"$(resourcelocation)\" --name $(terraformstoragerg)\n\naz storage account create --name $(terraformstorageaccount) --resource-group $(terraformstoragerg) --location \"$(resourcelocation)\" --sku Standard_LRS\n\naz storage container create --name $(terraformcontainername)  --account-name $(terraformstorageaccount)\n\naz storage account keys list -g $(terraformstoragerg) -n $(terraformstorageaccount) --query [0].value -o tsv > key.txt\nvalue=`cat key.txt`\necho \"##vso[task.setvariable variable=storagekey]$value\"\necho \"$storagekey\"\n",
              "args": "",
              "addSpnToEnvironment": "false",
              "useGlobalConfig": "false",
              "cwd": "",
              "failOnStandardError": "false"
            }
          },
          {
            "environment": {},
            "enabled": true,
            "continueOnError": false,
            "alwaysRun": false,
            "displayName": "Replace tokens in *.tf",
            "timeoutInMinutes": 0,
            "condition": "succeeded()",
            "task": {
              "id": "a8515ec8-7254-4ffd-912c-86772e2b5962",
              "versionSpec": "3.*",
              "definitionType": "task"
            },
            "inputs": {
              "rootDirectory": "",
              "targetFiles": "*.tf",
              "encoding": "auto",
              "writeBOM": "true",
              "escapeType": "none",
              "escapeChar": "",
              "charsToEscape": "",
              "verbosity": "normal",
              "actionOnMissing": "warn",
              "keepToken": "false",
              "tokenPrefix": "__",
              "tokenSuffix": "__",
              "emptyValue": "(empty)",
              "variableFiles": "",
              "variableSeparator": ".",
              "enableTelemetry": "true"
            }
          },
          {
            "environment": {},
            "enabled": true,
            "continueOnError": false,
            "alwaysRun": false,
            "displayName": "Use Python 3.x",
            "timeoutInMinutes": 0,
            "condition": "succeeded()",
            "task": {
              "id": "33c63b11-352b-45a2-ba1b-54cb568a29ca",
              "versionSpec": "0.*",
              "definitionType": "task"
            },
            "inputs": {
              "versionSpec": "3.x",
              "addToPath": "true",
              "architecture": "x64"
            }
          },
          {
            "environment": {},
            "enabled": true,
            "continueOnError": false,
            "alwaysRun": false,
            "displayName": "Install Terraform 0.12.24",
            "timeoutInMinutes": 0,
            "condition": "succeeded()",
            "task": {
              "id": "a4789e5d-f6e8-431f-add9-379d640a883c",
              "versionSpec": "0.*",
              "definitionType": "task"
            },
            "inputs": {
              "terraformVersion": "0.12.24"
            }
          },
          {
            "environment": {},
            "enabled": true,
            "continueOnError": false,
            "alwaysRun": false,
            "displayName": "Install terraform-compliance",
            "timeoutInMinutes": 0,
            "condition": "succeeded()",
            "task": {
              "id": "6c731c3c-3c68-459a-a5c9-bde6e6595b5b",
              "versionSpec": "3.*",
              "definitionType": "task"
            },
            "inputs": {
              "targetType": "inline",
              "filePath": "",
              "arguments": "",
              "script": "pip install terraform-compliance\n",
              "workingDirectory": "",
              "failOnStderr": "false",
              "noProfile": "true",
              "noRc": "true"
            }
          },
          {
            "environment": {},
            "enabled": true,
            "continueOnError": false,
            "alwaysRun": false,
            "displayName": "Terraform : init",
            "timeoutInMinutes": 0,
            "condition": "succeeded()",
            "task": {
              "id": "fe504acc-6115-40cb-89ff-191386b5e7bf",
              "versionSpec": "0.*",
              "definitionType": "task"
            },
            "inputs": {
              "provider": "azurerm",
              "command": "init",
              "workingDirectory": "$(System.DefaultWorkingDirectory)",
              "commandOptions": "",
              "environmentServiceNameAzureRM": "",
              "environmentServiceNameAWS": "",
              "environmentServiceNameGCP": "",
              "backendServiceArm": "af441788-6ecc-4f2c-9a78-c0073d9b48c6",
              "backendAzureRmResourceGroupName": "$(terraformstoragerg)",
              "backendAzureRmStorageAccountName": "$(terraformstorageaccount) ",
              "backendAzureRmContainerName": "$(terraformcontainername) ",
              "backendAzureRmKey": "terraform.tfstate",
              "backendServiceAWS": "",
              "backendAWSBucketName": "",
              "backendAWSKey": "",
              "backendServiceGCP": "",
              "backendGCPBucketName": "",
              "backendGCPPrefix": ""
            }
          },
          {
            "environment": {},
            "enabled": true,
            "continueOnError": false,
            "alwaysRun": false,
            "displayName": "Terraform : plan",
            "timeoutInMinutes": 0,
            "condition": "succeeded()",
            "task": {
              "id": "fe504acc-6115-40cb-89ff-191386b5e7bf",
              "versionSpec": "0.*",
              "definitionType": "task"
            },
            "inputs": {
              "provider": "azurerm",
              "command": "plan",
              "workingDirectory": "$(System.DefaultWorkingDirectory)",
              "commandOptions": "-out=tfplan.out",
              "environmentServiceNameAzureRM": "af441788-6ecc-4f2c-9a78-c0073d9b48c6",
              "environmentServiceNameAWS": "",
              "environmentServiceNameGCP": "",
              "backendServiceArm": "",
              "backendAzureRmResourceGroupName": "",
              "backendAzureRmStorageAccountName": "",
              "backendAzureRmContainerName": "",
              "backendAzureRmKey": "",
              "backendServiceAWS": "",
              "backendAWSBucketName": "",
              "backendAWSKey": "",
              "backendServiceGCP": "",
              "backendGCPBucketName": "",
              "backendGCPPrefix": ""
            }
          },
          {
            "environment": {},
            "enabled": true,
            "continueOnError": false,
            "alwaysRun": false,
            "displayName": "Run terraform-compliance",
            "timeoutInMinutes": 0,
            "condition": "succeeded()",
            "task": {
              "id": "6c731c3c-3c68-459a-a5c9-bde6e6595b5b",
              "versionSpec": "3.*",
              "definitionType": "task"
            },
            "inputs": {
              "targetType": "inline",
              "filePath": "",
              "arguments": "",
              "script": "terraform-compliance -p tfplan.out -f ./compliance\n",
              "workingDirectory": "",
              "failOnStderr": "false",
              "noProfile": "true",
              "noRc": "true"
            }
          },
          {
            "environment": {},
            "enabled": true,
            "continueOnError": false,
            "alwaysRun": false,
            "displayName": "Save Git commit message and terraform plan to files",
            "timeoutInMinutes": 0,
            "condition": "succeeded()",
            "task": {
              "id": "d9bafed4-0b18-4f58-968d-86655b4d2ce9",
              "versionSpec": "2.*",
              "definitionType": "task"
            },
            "inputs": {
              "script": "echo $(Build.SourceVersionMessage) > CHANGES\nterraform show tfplan.out  '(^.*[#~+-] .*|^[[:punct:]])' > PLANDETAILS",
              "workingDirectory": "",
              "failOnStderr": "false"
            }
          },
          {
            "environment": {},
            "enabled": true,
            "continueOnError": false,
            "alwaysRun": false,
            "displayName": "Copy CHANGES file to artifacts",
            "timeoutInMinutes": 0,
            "condition": "succeeded()",
            "task": {
              "id": "5bfb729a-a7c8-4a78-a7c3-8d717bb7c13c",
              "versionSpec": "2.*",
              "definitionType": "task"
            },
            "inputs": {
              "SourceFolder": "",
              "Contents": "CHANGES",
              "TargetFolder": "$(build.artifactstagingdirectory)/Terraform",
              "CleanTargetFolder": "false",
              "OverWrite": "false",
              "flattenFolders": "false",
              "preserveTimestamp": "false"
            }
          },
          {
            "environment": {},
            "enabled": true,
            "continueOnError": false,
            "alwaysRun": false,
            "displayName": "Copy PLANDETAILS file to artifacts",
            "timeoutInMinutes": 0,
            "condition": "succeeded()",
            "task": {
              "id": "5bfb729a-a7c8-4a78-a7c3-8d717bb7c13c",
              "versionSpec": "2.*",
              "definitionType": "task"
            },
            "inputs": {
              "SourceFolder": "",
              "Contents": "PLANDETAILS",
              "TargetFolder": "$(build.artifactstagingdirectory)/Terraform",
              "CleanTargetFolder": "false",
              "OverWrite": "false",
              "flattenFolders": "false",
              "preserveTimestamp": "false"
            }
          },
          {
            "environment": {},
            "enabled": true,
            "continueOnError": false,
            "alwaysRun": false,
            "displayName": "Copy BDD Gherkin feature files",
            "timeoutInMinutes": 0,
            "condition": "succeeded()",
            "task": {
              "id": "5bfb729a-a7c8-4a78-a7c3-8d717bb7c13c",
              "versionSpec": "2.*",
              "definitionType": "task"
            },
            "inputs": {
              "SourceFolder": "",
              "Contents": "compliance/**/*.feature",
              "TargetFolder": "$(build.artifactstagingdirectory)/Terraform",
              "CleanTargetFolder": "false",
              "OverWrite": "false",
              "flattenFolders": "false",
              "preserveTimestamp": "false"
            }
          },
          {
            "environment": {},
            "enabled": true,
            "continueOnError": false,
            "alwaysRun": false,
            "displayName": "Publish Artifact",
            "timeoutInMinutes": 0,
            "condition": "succeeded()",
            "task": {
              "id": "2ff763a7-ce83-4e1f-bc89-0ae63477cebe",
              "versionSpec": "1.*",
              "definitionType": "task"
            },
            "inputs": {
              "PathtoPublish": "$(build.artifactstagingdirectory)",
              "ArtifactName": "drop",
              "ArtifactType": "Container",
              "TargetPath": "\\\\my\\share\\$(Build.DefinitionName)\\$(Build.BuildNumber)",
              "Parallel": "false",
              "ParallelCount": "8",
              "FileCopyOptions": ""
            }
          }
        ],
        "name": "Agent job 1",
        "refName": "Phase_1",
        "condition": "succeeded()",
        "target": {
          "executionOptions": {
            "type": 0
          },
          "allowScriptsAuthAccessOption": false,
          "type": 1,
          "queue": "{}"
        },
        "jobAuthorizationScope": "projectCollection",
        "jobCancelTimeoutInMinutes": 1
      }
    ],
    "target": {
      "agentSpecification": {
        "identifier": "ubuntu-18.04"
      }
    },
    "type": 1
  },
  "repository": {
    "properties": {
      "apiUrl": "https://api.github.com/repos/albert-salman/baseterrae2e",
      "branchesUrl": "https://api.github.com/repos/albert-salman/baseterrae2e/branches",
      "cloneUrl": "https://github.com/albert-salman/baseterrae2e.git",
      "connectedServiceId": "$GitHub_d4f44727$",
      "defaultBranch": "master",
      "fullName": "repository",
      "hasAdminPermissions": "True",
      "isFork": "False",
      "isPrivate": "False",
      "lastUpdated": "04/15/2020 18:54:52",
      "manageUrl": "https://github.com/albert-salman/baseterrae2e",
      "nodeId": "MDEwOlJlcG9zaXRvcnkyNTUzOTYxNjA=",
      "ownerId": "61687538",
      "orgName": "albert-salman",
      "refsUrl": "https://api.github.com/repos/albert-salman/baseterrae2e/git/refs",
      "safeRepository": "albert-salman/baseterrae2e",
      "shortName": "baseterrae2e",
      "ownerAvatarUrl": "https://avatars2.githubusercontent.com/u/61687538?v=4",
      "archived": "False",
      "externalId": "255396160",
      "ownerIsAUser": "True",
      "checkoutNestedSubmodules": "false",
      "cleanOptions": "0",
      "fetchDepth": "0",
      "gitLfsSupport": "false",
      "reportBuildStatus": "true",
      "skipSyncSource": "false",
      "labelSourcesFormat": "$(build.buildNumber)",
      "labelSources": "0"
    },
    "id": "albert-salman/baseterrae2e",
    "type": "Git",
    "name": "repository",
    "url": "https://github.com/albert-salman/baseterrae2e.git",
    "defaultBranch": "master",
    "clean": "false",
    "checkoutSubmodules": false
  },
  "processParameters": {},
  "quality": "definition",
  "authoredBy": "{}",
  "drafts": [],
  "queue": {
    "_links": "{}",
    "id": "",
    "name": "Azure Pipelines",
    "url": "",
    "pool": {
      "id": "",
      "name": "Azure Pipelines",
      "isHosted": true
    }
  },
  "id": "",
  "name": "TerraE2E-CI",
  "url": "",
  "uri": "",
  "path": "\\",
  "type": "build",
  "queueStatus": "enabled",
  "revision": 38,
  "createdDate": "",
  "project": "{}"
}